Gene	FB_1	FB_2	HSC_1	HSC_2	TREG_1	TREG_2
Xkr4	2	0	0	0	0	0
Gm19938	0	6	0	0	0	0
Gm10568	0	0	0	0	0	0
Rp1	0	0	0	2	2	0
Sox17	0	0	0	0	0	0
Mrpl15	3846	6670	9704	9234	8823	11794
Lypla1	4657	7445	10893	11164	9655	13062
Gm19860	9	14	9	2	11	7
Tcea1	5527	9391	13404	11518	8184	12701
Rgs20	0	3	8	0	0	0
Atp6v1h	6710	10088	12347	13620	9658	13501
Oprk1	0	2	0	0	0	0
Npbwr1	0	6	0	0	0	0
Rb1cc1	3382	5954	8029	12773	4386	7085
Alkal1	0	0	0	4	0	0
St18	0	8	0	8	0	0
Pcmtd1	2555	5491	6594	6960	3137	4861
Sntg1	0	8	0	0	0	0
Rrs1	3538	6222	9313	9298	5045	6594
Adhfe1	0	10	230	139	11	89
2610203C22Rik	0	2	0	0	2	0
Vxn	0	2	0	0	0	0
Mybl1	0	2	34	37	10	18
Vcpip1	2221	4167	4198	4737	2549	4257
1700034P13Rik	0	8	28	10	1	27
Sgk3	4330	6626	10354	8162	3168	4544
Mcmdc2	7	6	31	4	0	2
Snhg6	194	650	1335	1323	629	984
Snord87	2	46	50	72	15	37
Tcf24	0	0	0	6	0	3
Ppp1r42	0	2	53	0	4	0
Cops5	3314	5613	11255	9969	6547	9832
Cspp1	829	1664	1564	1972	903	1358
Arfgef1	4885	8366	6591	8507	4368	6866
Cpa6	0	0	0	0	0	0
Prex2	0	9	510	933	2	0
A830018L16Rik	0	9	0	0	0	0
Gm17644	0	2	0	0	0	0
Sulf1	0	0	0	0	43	7
Slco5a1	245	112	4	25	6	2
Prdm14	0	0	0	0	0	0
Ncoa2	1094	3318	3011	4524	2515	6215
Tram1	31743	47886	61709	54270	39606	53931
Lactb2	507	1036	2573	2929	1745	2871
Xkr9	0	0	0	0	0	0
Gm5523	2	4	4	14	4	4
Eya1	576	714	5531	5259	2	0
Msc	0	0	0	0	0	2
Trpa1	0	3	0	0	0	0
Kcnb2	0	2	8	2	0	0
Terf1	1756	3892	4551	4765	3190	4943
Sbspon	0	4	163	221	2	16
Gm7634	0	0	0	0	0	0
4930444P10Rik	0	5	0	0	0	0
Rpl7	22746	34265	41998	39977	33351	49534
Rdh10	397	413	1862	1695	492	368
Stau2	188	381	2719	3160	60	109
Ube2w	3826	7054	5273	4746	3591	5108
Eloc	3550	5692	9784	9915	8105	12237
D030040B21Rik	0	0	0	0	0	0
Tmem70	2391	4047	12109	12547	5208	7105
Ly96	375	1129	944	754	871	1348
Jph1	0	0	114	39	0	0
Gdap1	0	2	68	20	0	0
Pi15	0	6	0	0	0	0
Crispld1	0	0	5145	5595	0	0
Crisp4	0	6	0	0	0	0
Defb44-ps	0	0	0	0	0	0
Defb18	0	0	0	0	0	0
Defb41	0	0	0	0	0	0
Tfap2d	0	0	0	0	1	0
Tfap2b	9	13	29	19	5	8
Pkhd1	0	16	2	0	0	0
4930486I03Rik	0	0	0	0	0	0
Mir206	0	0	0	0	0	0
Mir133b	0	0	0	0	0	0
Il17a	0	0	0	0	2	0
Il17f	0	0	0	18	0	0
Mcm3	6377	9688	58616	61031	18390	26214
6720483E21Rik	0	10	74	59	0	11
Paqr8	721	251	1784	1815	575	707
Efhc1	0	65	142	58	54	49
Tram2	94	176	160	155	90	222
Tmem14a	44	137	767	815	186	418
Gsta3	0	0	27	12	14	51
Gm4956	90	169	2	3	20210	32312
Khdc1a	0	0	0	0	36	25
Khdc1c	0	0	0	5	0	0
Khdc1b	0	0	0	0	0	0
Kcnq5	504	713	719	516	247	383
Rims1	2	5	0	0	0	0
4933415F23Rik	0	0	0	0	0	0
Mir30a	0	0	0	0	0	0
Mir30c-2	0	0	0	0	0	0
Ogfrl1	844	1612	17617	16885	186	416
Gm19673	0	0	0	10	1	0
B3gat2	32	113	59	11	20	37
Smap1	2147	2937	4521	4509	6709	9217
Sdhaf4	1942	3578	5632	5674	2912	4557
Fam135a	0	0	529	531	0	7
Col9a1	0	0	2	0	0	0
Col19a1	0	11	31	1	0	123
Lmbrd1	20454	32168	6001	5898	8305	12010
Adgrb3	0	2	0	1	0	0
Gm20172	0	0	0	0	0	0
4931408C20Rik	0	0	0	0	0	0
Gm5524	0	0	0	0	0	0
Gm7846	112	150	144	142	164	244
Gm597	0	2	0	0	0	0
Gm6462	0	0	0	0	0	1
Gm9898	0	1	0	0	0	0
Phf3	2294	3355	3625	6297	2156	4034
Ptp4a1	1666	2545	4799	4835	2055	3640
4931428L18Rik	0	0	0	0	0	0
Lgsn	0	0	0	2	0	0
Pih1d3	0	0	0	0	0	0
Gm4850	0	0	0	0	0	0
Gm6489	0	0	0	3	0	0
Khdrbs2	0	0	4	0	0	0
Gm9839	0	0	0	0	0	0
Gm5415	0	8	0	0	0	0
Prim2	1036	1564	5632	5529	2047	3199
1700001G17Rik	2	40	75	85	53	91
Rab23	128	512	1276	1122	605	708
Bag2	136	228	7817	8509	509	794
Zfp451	1290	3329	5576	5859	2355	4788
Gm15455	6	14	12	10	12	8
Bend6	1	34	98	72	259	588
Dst	112	209	1844	2403	522	1302
Mir5103	0	5	0	0	0	3
Ccdc115	2600	5336	12642	12335	5769	7802
Imp4	6224	11595	17161	17907	15124	21194
D1Ertd448e	1134	1447	1711	1700	630	1093
Ptpn18	4990	8946	16406	16682	13504	17241
Prss39	0	0	0	20	4	0
Cfc1	0	1	214	169	0	0
Prss40	0	2	0	15	0	0
Amer3	0	10	0	0	0	0
AA619741	0	0	0	0	0	2
Arhgef4	204	196	1384	1514	1695	1978
Fam168b	7144	17816	13204	17153	8893	15694
Plekhb2	6057	11335	17772	17193	13739	21642
Hs6st1	2956	5110	4029	4234	2187	4831
Uggt1	6191	11873	6509	7054	5123	13144
Neurl3	10573	18832	13394	13712	9051	13702
Arid5a	9452	15688	4196	3995	18501	26351
Kansl3	2851	6287	9934	9486	4372	9089
Lman2l	1613	3026	7521	6811	2570	4899
Cnnm4	864	1526	1600	2190	598	1284
Cnnm3	1848	2884	6174	5294	3840	6330
Ankrd23	489	765	913	951	756	1100
Ankrd39	593	1765	2740	3194	2187	2802
Sema4c	0	0	506	420	97	307
Fam178b	0	2	14	8	2	2
Cox5b	5646	9875	14708	14607	10829	15621
Actr1b	4771	7226	10625	12464	7437	11133
4933424G06Rik	0	10	0	0	0	4
Zap70	337	400	61	0	30930	46237
Tmem131	1783	4373	1987	3244	1615	4618
Vwa3b	0	11	25	25	87	74
Cnga3	0	0	8	0	0	0
Inpp4a	307	562	850	1069	1489	2862
Coa5	6334	9710	16688	14064	8336	12273
Unc50	4094	8227	10774	9266	8420	12537
Mgat4a	1591	3477	1204	1118	435	721
4930594C11Rik	76	44	8	7	6	0
2010300C02Rik	0	3	8	4	58	20
Gm19863	0	2	4	0	0	0
Tsga10	261	392	498	520	54	230
Lipt1	162	629	1098	1068	397	464
Mitd1	2535	4106	4743	3560	6628	10153
Mrpl30	3750	5571	5918	6236	5589	7702
Lyg2	0	0	0	0	0	0
Lyg1	0	0	0	0	0	0
Txndc9	3475	7069	8649	9481	7701	11043
Eif5b	4759	7353	7703	8482	5801	9393
Rev1	1051	2240	3824	4640	1702	2411
Aff3	5890	10356	8227	10196	2594	5116
Lonrf2	0	0	14	0	0	0
Chst10	3551	7551	1740	2060	5860	9327
Nms	0	1	0	0	0	0
Pdcl3	3546	4488	8425	8667	6520	9024
Npas2	0	3	344	258	33	118
Rpl31	5832	9454	14801	13943	8888	13234
Tbc1d8	114	130	3403	3821	92	471
Cnot11	2558	3431	5290	5879	4073	5571
Snord89	6	1	6	9	5	11
Rnf149	959	1399	4917	6059	4097	6860
Creg2	0	2	0	0	2	0
Rfx8	0	0	338	316	4	12
Gm3646	0	0	0	0	0	0
1700066B17Rik	0	0	0	0	0	0
Map4k4	1272	2593	1195	1361	2114	4132
Gm16894	2	8	79	45	104	136
Il1r2	2	22	295	160	5909	9211
Il1r1	0	0	1251	797	2	0
Il1rl2	0	1	485	480	82	126
Il1rl1	0	44	82	0	1097	2721
Il18r1	0	8	232	225	643	1168
Il18rap	2	56	775	925	538	365
Slc9a4	0	6	0	0	0	0
Slc9a2	0	1	60	65	0	0
Mfsd9	0	328	659	959	282	484
Tmem182	0	0	4	0	0	0
4930448I06Rik	0	0	0	0	0	0
Pantr1	0	0	0	0	0	0
Pou3f3	0	0	0	0	0	0
2900092D14Rik	0	0	0	0	0	0
Mrps9	2124	3407	6053	5945	4644	5849
Gpr45	0	0	27	35	4	12
Tgfbrap1	2778	3687	2759	3423	1766	3825
AI597479	1169	2504	4593	3474	1534	2529
Fhl2	0	14	107	167	354	335
Gm8210	1	6	12	8	2	2
Nck2	1824	1677	3693	4008	5273	6832
1500015O10Rik	0	0	6	0	0	0
Uxs1	307	805	1815	1943	806	1261
Tpp2	4851	10309	9950	11767	12066	21248
Mettl21c	0	0	2	6	8	0
Tex30	1984	3063	5954	5868	3765	5283
Poglut2	139	589	10312	8822	1474	1741
Bivm	412	308	4096	2833	612	1166
Ercc5	889	1652	1635	1648	1511	2662
Mettl21e	0	0	0	0	0	0
Gulp1	0	2	2421	2723	0	0
4930521E06Rik	0	0	6	2	0	0
Col3a1	0	2	0	0	0	0
Col5a2	0	6	0	0	0	0
Wdr75	4025	6736	8884	10545	7037	10656
Gm5526	86	167	258	292	351	372
Slc40a1	1504	6996	11243	2424	1504	33197
Gm3852	0	0	0	0	0	0
Stk-ps2	0	2	0	4	0	0
Dnah7b	0	6	9	18	0	0
Dnah7c	0	17	19	2	0	3
Slc39a10	2324	3379	5777	6953	1568	2609
C230029F24Rik	0	1	0	0	0	0
Tmeff2	0	0	0	6	0	0
9330175M20Rik	0	0	1	0	0	0
Cavin2	0	0	8677	9261	0	0
Nabp1	2450	4897	3424	2936	9765	13702
Gm17767	0	0	6	0	28	74
Myo1b	0	0	66	56	26	6
Stat4	6456	12817	18061	19335	19043	25939
Gm3940	11	22	33	31	8	9
Stat1	31641	60796	33268	31122	114263	190770
Gls	7231	12044	16055	12856	11757	16443
Nab1	6698	9527	14771	15255	7932	10367
Nemp2	2692	6227	2077	1712	2732	3806
Mfsd6	632	847	5453	5260	1568	3631
Inpp1	1345	2114	4573	5391	6145	7726
Hibch	811	1662	4678	4305	2475	3677
1700019D03Rik	0	0	148	172	380	669
Mstn	0	0	0	0	2	0
1700019A02Rik	0	6	0	0	0	0
Pms1	1133	1851	3399	3451	2983	3835
Ormdl1	3608	7481	7163	6903	8350	12396
Osgepl1	1176	2128	2375	1972	1896	2111
Asnsd1	7155	13389	9702	8756	7395	10461
Dnah7a	4	7	9	0	1888	2580
Stk17b	41917	75023	7779	6604	55972	85510
Hecw2	177	132	16	3	11	61
Ccdc150	0	20	64	36	2	44
Gtf3c3	2316	1884	4596	3614	2075	3392
Pgap1	3197	4074	153	123	394	249
Ankrd44	6431	12626	1515	1901	4397	10634
Sf3b1	37688	69618	49345	50684	52117	97111
Coq10b	1537	1987	1395	1819	2387	3246
Hspd1	9448	14372	39194	37392	19234	29146
Hspe1	3501	6500	9601	10505	8535	12481
Mob4	4520	6805	7294	7702	6425	8593
Rftn2	2345	2732	159	122	637	1015
Mars2	1038	3053	2340	2136	1450	1484
Boll	9	32	51	129	105	295
Plcl1	8	136	1229	1114	1048	2343
Gm6644	282	434	516	533	722	816
9130227L01Rik	0	2	0	0	0	0
Hsfy2	0	0	0	0	0	0
Satb2	0	0	20	8	0	5
9130024F11Rik	0	0	0	0	0	0
BC055402	6	0	0	0	0	0
4930558J18Rik	250	80	70	46	149	170
1700066M21Rik	492	505	1593	1626	558	1044
Tyw5	641	1158	1827	1795	1140	1724
Maip1	1143	2154	3143	3356	2386	3072
Spats2l	0	0	144	132	90	246
Kctd18	1010	1757	2372	2339	2166	2743
Sgo2a	74	58	1354	1331	240	398
Aox1	0	0	0	0	0	0
Aox3	0	5	0	0	4	0
Aox4	3	88	0	0	0	0
Aox2	0	0	0	0	0	0
Bzw1	26894	40946	56559	54729	48994	74817
Clk1	14090	28380	25658	22785	27434	29929
Ppil3	1473	2831	4862	5319	3839	5527
Nif3l1	1429	2346	7443	8608	4153	5847
Orc2	2468	3768	6761	6255	3781	4978
Gm15834	28	36	38	40	31	26
Fam126b	30	1585	2087	2192	426	1521
Ndufb3	3666	6624	8204	8131	7592	10829
Gm20257	187	661	839	784	517	411
Flacc1	0	4	13	3	1	6
Cflar	1960	2892	4521	4293	4278	4494
Casp8	12354	17908	21712	20984	32256	52404
Trak2	2983	5320	3213	2208	1785	2473
Stradb	3878	5136	5019	4881	2996	4556
C2cd6	0	7	0	0	0	0
Tmem237	259	378	4926	4830	1250	1954
Mpp4	0	4	48	65	6	0
Als2	774	1932	2969	2759	591	2575
Cdk15	0	4	0	0	0	0
Fzd7	0	6	1362	1534	64	128
Gm973	0	10	1910	1455	22	20
Sumo1	7737	14126	21539	22406	20444	29103
Nop58	2814	4527	16995	17809	5367	7948
Snord70	0	0	10	0	1	0
Snord11	7	0	2	0	0	2
Bmpr2	0	19	154	307	61	18
Fam117b	4758	4845	5560	5822	4137	5880
Ica1l	0	2	456	458	69	7
Wdr12	2341	5065	17981	20278	5449	7158
Carf	319	109	187	305	76	349
Gm15464	4	3	16	5	6	14
Nbeal1	211	736	545	1277	373	660
Cyp20a1	1146	1651	4531	4098	1423	1962
Abi2	50	401	7104	6200	705	1848
Raph1	0	8	92	147	208	447
Gm11578	0	0	0	0	0	0
Cd28	34	32	142	20	23608	32551
Gm11579	0	0	4	0	143	140
Ctla4	14	96	30	20	27786	38989
Icos	48	36	28	0	19623	32629
9530026F06Rik	0	0	0	0	0	0
Pard3b	114	326	2369	3764	26	6
Nrp2	0	30	49	43	34	52
4930487H11Rik	0	0	0	0	0	0
Ino80d	946	1584	1262	1385	769	1065
Ino80dos	129	242	285	209	170	231
Gm20342	93	457	441	340	275	540
Ndufs1	6277	11796	17725	16384	12515	17239
Eef1b2	7553	11707	17829	16786	14367	19888
Snora41	28	69	65	29	46	45
Gpr1	0	0	0	16	0	0
Zdbf2	0	4	26	2	0	4
Adam23	0	66	0	0	28	280
Dytn	0	0	0	0	0	0
Mdh1b	0	0	0	0	0	3
Fastkd2	1509	3819	7112	6540	3444	5550
4933402D24Rik	0	0	0	0	0	0
Gm13749	0	0	0	0	0	0
Klf7	723	1074	578	592	1864	2010
Creb1	4047	5154	4829	5571	4075	5851
Mettl21a	489	987	3996	4367	2433	2732
2810408I11Rik	43	34	487	546	64	101
Ccnyl1	64	254	592	564	282	162
Fzd5	50	90	108	108	63	110
Plekhm3	3742	7190	1251	1801	373	832
Akr1cl	0	0	0	2	0	0
Gm8550	0	0	0	0	0	0
Cryge	0	0	0	0	0	0
Crygd	0	1	0	0	0	0
Crygc	0	0	0	0	0	0
Crygb	0	0	0	0	0	0
Cryga	0	2	0	0	0	0
D630023F18Rik	0	2	12	0	12	15
Idh1	720	2005	10391	9997	1774	4000
Pikfyve	2530	3222	1080	1538	646	1557
Pth2r	0	4	0	0	0	0
Crygf	0	4	0	0	0	0
Map2	0	12	16	27	21	132
Gm10558	0	0	0	0	6	8
Unc80	0	3	4	0	2	0
Rpe	2057	4161	7064	6305	4733	7462
Kansl1l	1031	1711	4144	4080	733	1494
Acadl	6121	9406	19110	17144	6767	9459
Myl1	0	0	6	0	0	0
Lancl1	2499	4670	14347	13626	5694	8492
Cps1	0	0	2	0	0	0
Erbb4	0	2	0	0	0	0
Gm19335	0	0	0	0	0	0
Ikzf2	0	14	1367	1392	5607	10774
Spag16	0	0	33	22	14	20
Vwc2l	0	3	0	0	0	0
Bard1	6	10	211	336	146	162
Abca12	0	6	0	2	0	0
Atic	1659	3030	6643	8266	3202	4139
Fn1	0	6	1044	98	20	286
Apol7d	0	1	2	0	0	0
Gm8883	0	0	0	0	0	0
4933417E11Rik	0	0	0	0	0	0
Gm5528	2	2	0	0	0	0
Mreg	716	1592	64	30	28	50
Pecr	300	786	4865	4603	772	677
Tmem169	0	2	0	0	0	0
Xrcc5	2206	4412	8068	9101	5808	8168
4-Mar	0	0	0	0	0	0
Smarcal1	3213	3592	6049	5554	2631	4474
Ankar	0	0	0	0	0	0
Rpl37a	19090	28870	24791	24010	21635	33756
Igfbp2	0	0	0	0	0	0
Igfbp5	0	4	0	0	0	0
Tnp1	0	0	0	0	0	0
1700027A15Rik	0	0	0	0	0	0
Pinc	0	0	0	0	0	0
D530049I02Rik	0	0	0	0	0	0
6030407O03Rik	0	4	0	0	0	0
Tns1	0	60	4279	3425	2788	4511
Rufy4	0	8	310	272	0	0
Cxcr2	0	9	340	101	59	62
Cxcr1	0	0	39	46	0	0
Mir1928	0	0	0	0	0	0
Arpc2	56271	92647	83861	85598	97721	143633
Gpbar1	20	71	0	36	3	14
Aamp	13204	17116	32300	34424	26171	34895
Pnkd	961	1521	5118	5130	3287	4913
Tmbim1	268	514	15196	15713	3082	4832
Catip	0	2	49	30	2	0
Slc11a1	317	653	1682	199	287	3268
Ctdsp1	1466	2048	1961	1850	905	1539
Mir26b	4	10	5	3	5	8
Vil1	0	0	1	0	4	0
Usp37	2563	4282	5735	6587	1941	3999
Cnot9	4278	7412	12990	13073	6996	11481
Plcd4	0	4	5	18	45	152
Zfp142	1019	1627	1414	1337	1164	2053
Bcs1l	1378	2082	5133	4903	1355	2449
Rnf25	1982	2225	3672	2952	2328	3477
Stk36	0	2	200	178	18	0
Ttll4	541	827	923	1473	602	1214
Cyp27a1	1232	2877	860	464	67	242
Prkag3	0	2	18	6	0	0
Wnt6	0	14	34	32	0	28
Wnt10a	199	252	8	0	180	306
Cdk5r2	0	0	0	0	0	0
Fev	0	0	0	2	0	0
Cryba2	0	0	0	0	0	0
Mir375	0	0	0	0	0	0
Cfap65	0	8	0	0	0	0
Ihh	0	9	9	0	8	0
Nhej1	472	732	904	858	484	669
Slc23a3	0	2	10	17	2	0
Cnppd1	7784	12072	12813	12161	14072	19386
Retreg2	6728	10589	15380	15567	10007	13880
Zfand2b	2820	4535	5425	6106	5043	6058
Abcb6	1004	1538	2257	2057	633	886
Atg9a	1215	2292	6196	6717	2513	5373
Ankzf1	1228	2656	3775	3685	2109	2439
Glb1l	5	306	2671	3110	235	349
Stk16	2479	3993	16572	17535	4695	5706
Tuba4a	15110	21203	59793	63659	33274	42185
A630095N17Rik	0	0	45	82	9	36
Dnajb2	2166	3063	4390	3834	1720	2623
Ptprn	0	1	34	52	37	92
Resp18	0	0	0	0	0	0
Dnpep	4821	8466	11022	12227	8166	12847
Des	0	22	0	0	2	0
Gm15179	0	0	0	2	0	0
Speg	0	7	726	588	14	0
Gmppa	1357	3114	4957	5021	3165	4095
Asic4	0	0	0	0	0	0
Chpf	2200	2484	955	625	5429	6784
Tmem198	87	69	1	2	135	32
Obsl1	0	0	10285	12571	0	0
Inha	0	0	457	486	0	0
Stk11ip	5901	8744	4639	4496	2047	3992
Slc4a3	12	83	55	267	0	0
Gm17751	0	0	0	0	0	0
Epha4	0	0	50	60	0	0
Pax3	0	0	0	0	0	0
Gm2102	0	1	0	0	0	0
Sgpp2	317	458	66	58	89	159
Farsb	10970	15398	19162	19185	13240	21266
Mogat1	1	25	20	20	21	18
Acsl3	1341	2430	10741	8565	1494	2607
Utp14b	8	420	658	1334	61	172
Kcne4	0	2	19	6	0	0
Scg2	0	2	0	0	12	74
Ap1s3	87	300	76	75	86	79
Wdfy1	646	1730	2393	2037	491	681
Gm10555	6	25	2	0	0	0
Mrpl44	2737	4128	8062	8855	4112	6572
Serpine2	16	165	1496	2639	466	1011
Fam124b	0	0	36	91	295	436
Cul3	8400	14749	18777	16465	16922	24451
1700016L21Rik	0	0	0	0	1	4
Dock10	14746	24345	4025	6382	8043	20648
Nyap2	0	0	0	0	0	0
Irs1	8	2	18	0	0	0
Gm19537	8	62	4	6	26	20
Rhbdd1	1678	3578	5054	3702	2729	3962
Gm19552	0	0	0	0	0	0
Col4a4	0	2	0	9	5	0
Col4a3	0	20	25	23	6	12
Mff	11024	15842	22134	20864	17752	24082
Tm4sf20	0	0	0	0	33	17
Gm17764	0	0	0	2	1388	1825
Agfg1	6040	6593	5560	6081	22116	30464
Slc19a3	0	0	133	172	0	0
Krtap28-13	0	0	0	0	0	0
Ccl20	0	0	0	0	0	8
Daw1	0	2	0	0	0	0
Sphkap	0	2	0	0	0	0
Pid1	90	100	288	30	122	617
Dner	0	0	0	0	2	0
Mir5126	0	0	0	0	0	0
Trip12	4727	8994	3746	5687	5322	13260
Fbxo36	68	120	580	637	228	381
Slc16a14	0	0	0	0	0	0
Gm15433	26	173	2	0	7	16
A530032D15Rik	378	1113	200	201	8	2
A530040E14Rik	1921	4368	317	336	125	218
Gm2619	3	19	3	4	5	5
Gm7609	158	319	11	2	26	80
C130026I21Rik	93	152	39	35	6	8
Gm2666	29	57	0	0	6	5
Gm2427	0	34	2	0	0	0
Gm7592	38	118	0	0	10	33
Sp110	11253	19096	14312	13649	14900	20213
Sp140	3765	7346	2627	2160	1769	2297
Gm10552	3	44	2	0	2	4
Sp100	38203	60297	15377	15356	50382	79714
A630001G21Rik	5120	9783	2017	2054	2238	3529
Cab39	10740	18507	18723	18563	30938	46843
Itm2c	1065	2131	15147	14613	50767	69424
4933407L21Rik	0	0	0	0	6	20
Gpr55	52	140	6	0	297	427
Spata3	0	0	0	0	0	0
2810459M11Rik	0	3	0	0	54	13
Psmd1	9681	15120	32287	33336	16974	27467
Htr2b	0	2	3	0	6	0
Armc9	185	725	1704	2331	481	686
B3gnt7	437	832	1346	1220	0	0
Gm5258	0	0	0	0	0	0
Ncl	26320	42375	81564	85892	48010	81004
Snora75	26	13	14	9	10	17
Snord82	0	0	2	4	0	7
C130036L24Rik	48	127	342	413	155	180
Nmur1	0	2	9	32	50	90
Tex44	0	4	0	0	0	0
Ptma	23886	37740	72743	67627	35465	54605
Pde6d	1607	3557	5817	6005	4476	6362
Cops7b	3443	2931	5185	5664	2944	3617
Nppc	0	0	0	11	2	0
Dis3l2	1929	2165	4873	4971	3211	4090
Alppl2	0	0	0	0	0	0
Alpi	0	0	0	0	0	0
Akp3	0	0	0	0	0	0
Ecel1	0	2	0	0	366	777
Prss56	0	4	0	0	0	0
Chrnd	0	0	0	0	0	0
Chrng	0	2	0	0	0	2
Eif4e2	5936	9730	14817	13476	12188	17093
Efhd1	0	0	163	135	0	2
Gigyf2	1755	3624	3449	3364	1983	3496
Kcnj13	6	21	7	12	17	10
Snorc	0	0	0	0	4	0
Ngef	0	0	0	0	2	4
A530079E22Rik	0	0	0	0	0	0
Gm6153	0	1	0	0	0	3
Neu2	0	0	0	0	1	0
Inpp5d	24835	44913	19361	21888	14025	30255
Atg16l1	3252	5313	4644	4425	4486	6653
Scarna6	2	0	2	2	0	0
Sag	50	101	28	53	312	324
Gm19582	95	577	24	34	52	79
Dgkd	15133	35236	3997	5630	7258	17268
Usp40	719	1643	4107	3917	1146	1897
Ugt1a10	0	2	0	0	3	0
Ugt1a9	0	0	0	0	0	0
Ugt1a7c	0	40	1935	1796	52	137
Ugt1a6b	0	0	6	0	0	0
Ugt1a6a	0	0	4	0	6	0
Ugt1a5	0	0	0	0	0	0
Ugt1a2	0	0	0	0	0	0
Dnajb3	0	72	354	348	64	128
Ugt1a1	0	11	0	2	0	0
Mroh2a	2	50	74	168	2	7
Hjurp	400	527	1690	1613	607	977
6430706D22Rik	0	0	0	0	0	0
Trpm8	0	3	0	0	0	0
Spp2	0	0	0	0	0	0
Glrp1	0	0	401	443	2	2
Gm19589	0	0	16	0	0	0
Arl4c	80	136	312	264	2170	4393
Platr5	0	2	0	0	0	0
1700067G17Rik	0	0	43	90	0	0
Sh3bp4	0	6	480	642	247	535
C030007H22Rik	0	0	0	0	0	0
Agap1	0	18	2798	2449	16	438
4933400F21Rik	0	8	2	0	0	0
Gbx2	0	0	2744	2884	0	0
Asb18	0	0	0	0	0	0
Iqca	0	0	0	4	0	0
Ackr3	122	142	0	0	0	0
Cops8	4520	8724	13006	13737	10533	15095
Gm9991	0	2	0	0	0	0
Col6a3	0	2	0	0	0	1
Mlph	0	2	1268	1175	0	0
Prlh	0	0	2	2	0	0
Rab17	0	5	1586	1998	0	2
Lrrfip1	9202	13251	24463	22134	22671	32433
Rbm44	34	42	268	194	29	110
Ramp1	44	107	24057	21944	10999	14512
Ube2f	2677	5054	6278	6062	5947	8677
Scly	1857	3047	6004	6726	3401	5089
Espnl	0	6	131	107	2	0
Klhl30	0	23	0	0	0	0
Erfe	69	72	94	202	63	165
Ilkap	6364	9748	12216	14028	10984	14911
1700020N18Rik	0	4	26	28	4	23
Hes6	4333	6570	7951	8420	6361	7681
Per2	118	1766	2006	2311	403	559
Traf3ip1	474	467	842	641	342	451
Asb1	1222	1272	1062	1065	504	1214
Twist2	0	0	0	0	4	2
Hdac4	1094	2639	3730	4357	4165	8064
Ndufa10	5967	9780	15783	17607	12157	16106
Olfr1416	0	0	0	0	0	0
Olfr1415	0	0	0	0	0	0
Olfr1414	0	0	0	0	0	0
Olfr1413	0	0	0	0	0	0
Olfr1412	0	0	0	0	0	0
Olfr1411	0	2	0	0	0	0
Olfr1410	0	0	0	0	0	0
Olfr12	0	0	0	0	0	0
Cops9	1988	4068	7120	6404	6285	9145
Otos	0	34	2208	2025	63	90
Gpc1	0	169	2074	2936	830	1382
Mir149	0	0	0	0	0	0
Ankmy1	0	72	18	7	24	55
Dusp28	604	818	2372	1959	1013	892
Rnpepl1	9923	12254	10154	11004	12335	18853
9430060I03Rik	1084	928	97	208	381	561
Capn10	538	1290	2466	2259	1172	1315
Gpr35	0	116	163	50	130	759
Aqp12	0	0	0	0	0	0
Kif1a	0	0	0	0	0	0
Agxt	0	0	0	0	0	0
Mab21l4	0	0	0	0	0	0
Crocc2	0	12	8	0	0	70
Sned1	0	0	40	26	0	58
Mterf4	553	1323	3292	2717	1932	2881
Pask	203	346	1744	1955	408	612
Ppp1r7	3516	5685	8784	10324	5502	8703
Ano7	6	58	141	203	49	64
Hdlbp	5041	9797	12601	14914	5199	12089
2-Sep	3824	7795	14668	18472	4529	10473
Farp2	0	122	260	613	146	163
Stk25	4511	8278	17853	18349	8984	12714
Bok	0	0	705	1001	0	0
Thap4	1076	1719	5597	6153	2471	3871
Atg4b	4974	7717	8956	10244	7190	12074
Dtymk	1792	3781	15018	13922	4925	6533
Ing5	2145	6478	5928	7089	2869	5711
D2hgdh	2236	2760	4546	4876	1873	2630
Gal3st2	0	0	0	0	0	0
Gal3st2b	0	0	0	0	0	0
Gm7889	0	0	2	1	0	0
Gal3st2c	0	2	0	0	0	2
Neu4	0	2	0	0	2	0
Pdcd1	36	62	14	0	15503	20825
4930440C22Rik	0	0	0	0	0	0
Fam174a	2556	4500	8694	8367	3716	4780
St8sia4	4625	9163	4064	3436	3931	6932
4930598F16Rik	0	0	0	0	16	26
1700063A18Rik	0	0	0	0	0	0
4930533P14Rik	0	0	0	0	0	0
Slco4c1	0	2	72	4	0	0
Panct2	0	8	108	140	4	0
Slco6b1	0	0	0	0	0	0
Slco6c1	0	0	0	0	0	0
Gm7133	0	0	0	0	0	0
Gm7135	0	8	0	0	6	0
D1Ertd622e	4193	6411	2454	1586	2161	2907
Ppip5k2	3914	7669	9356	9541	4801	9076
Gin1	918	1209	1727	1880	917	1290
Pam	0	12	853	1450	156	90
B230216N24Rik	0	2	71	103	11	87
1810006J02Rik	0	17	4	17	716	1190
Slco6d1	0	0	0	0	0	0
Cntnap5b	0	2	0	0	0	0
Gm20268	0	0	0	0	0	0
Cdh20	0	2	0	0	0	0
Rnf152	0	4	0	6	0	22
Gm17634	0	0	0	0	0	0
Pign	1036	1732	2443	3940	628	1605
Relch	2246	3053	3216	3463	2377	3530
Gm10193	8	5	8	8	0	1
Tnfrsf11a	12	42	350	263	0	411
Gm7160	21	62	116	109	44	87
Zcchc2	3226	4043	2521	4305	1881	3285
Gm20753	3	10	4	15	0	2
Phlpp1	1603	1832	1609	1501	2062	3264
Bcl2	4765	11083	6498	6748	9918	16161
D630008O14Rik	2	86	0	0	17	0
Kdsr	1194	2057	5478	6479	3648	5361
Vps4b	10154	17600	28384	25335	19639	30790
Serpinb5	0	0	0	0	0	2
Serpinb12	0	0	0	0	0	0
Serpinb13	0	9	0	0	0	0
Serpinb3a	0	2	0	0	0	0
Serpinb3d	0	0	0	0	0	0
Serpinb3b	0	0	0	0	0	0
Serpinb3c	0	0	0	0	0	0
Serpinb11	0	2	0	0	0	10
Serpinb7	381	595	0	0	0	4
Serpinb2	0	0	20	0	0	16
Serpinb10	0	0	186	138	10	10
Serpinb8	0	14	1259	1305	0	0
Cdh7	0	1	0	2	0	0
Cdh19	0	0	0	0	0	0
Dsel	0	8	621	820	116	280
Cntnap5a	0	0	0	0	0	0
Gm7145	0	0	0	0	0	0
Tsn	10828	14538	23856	24162	14393	21566
Nifk	5645	9335	22995	25253	11994	17174
Clasp1	2091	5874	1700	2768	828	1928
2900060B14Rik	526	496	134	228	364	707
Tfcp2l1	0	12	46	127	0	28
Gli2	0	2	22	4	3	0
Inhbb	0	0	0	0	0	0
Gm19295	0	0	0	0	0	0
Ralb	763	1125	3789	3548	1392	2179
Tmem185b	1696	2862	4840	5276	4761	5121
Epb41l5	388	418	962	1182	56	94
Ptpn4	33	291	310	601	351	685
Tmem177	1525	1498	3581	4072	1621	2125
Cfap221	0	0	0	0	0	0
Sctr	0	0	2	2	13	14
Tmem37	0	90	1480	1822	78	440
Dbi	3620	5218	13298	14048	7866	11053
3110009E18Rik	520	727	577	621	743	962
Steap3	114	124	1392	1596	14	54
C1ql2	0	6	0	0	0	0
Marco	6	95	60	12	0	156
En1	0	2	0	0	0	0
Celrr	0	0	0	1	0	0
Insig2	2846	5164	4645	4389	4045	5418
Ccdc93	755	2681	1168	1844	1427	2874
Htr5b	0	0	0	0	8	12
Ddx18	3824	6512	7136	8107	6191	10117
Dpp10	1	1	0	0	0	1
Actr3	80723	141675	49044	42875	113916	165281
Slc35f5	1064	912	4954	4939	202	657
Gpr39	0	0	0	0	0	0
Lypd1	0	0	0	2	6	7
Nckap5	0	6	2	2	12	235
Mgat5	151	364	358	938	359	544
Gm8451	16	15	8	20	34	32
Tmem163	3244	3801	334	423	16	21
Acmsd	0	2	47	0	6	17
2900009J06Rik	0	0	3	1	0	0
Ccnt2	3439	7114	4362	4477	3699	5781
Map3k19	9	521	0	0	28	8
Rab3gap1	3481	9316	7374	7156	5271	11458
Zranb3	617	728	2439	1998	320	274
R3hdm1	2267	3822	5684	5965	2282	4839
Mir128-1	0	0	0	2	0	0
Ubxn4	4412	7266	17084	16420	10411	14433
Lct	0	32	8	24	0	0
Mcm6	8769	13761	98959	98003	34697	53188
Dars	9108	14180	37815	40979	23709	36032
Cxcr4	2542	3039	1724	1022	1344	1688
Thsd7b	0	2	12	50	26	0
Rpl31-ps9	6	10	3	0	4	6
Cd55b	16	41	1	1	2	0
Cd55	35753	64500	5315	5113	3132	4025
Zp3r	0	0	0	0	0	30
C4bp	0	0	0	0	0	0
C4bp-ps1	0	0	0	0	0	0
Pfkfb2	367	990	1782	2179	239	485
Yod1	323	599	869	942	247	790
AA986860	0	22	603	570	12	14
Fcamr	4	138	0	0	0	0
Pigr	610	684	0	0	21	22
Fcmr	181367	234108	384	18	846	1226
Il24	28	66	0	0	0	0
Il20	0	0	0	0	0	0
Il19	9	0	0	0	0	14
Il10	0	31	36	14	460	778
Mapkapk2	11740	15172	20960	18541	17043	24165
Dyrk3	190	229	4546	3843	78	72
Eif2d	4916	6859	11299	10810	7647	10154
Rassf5	22553	33132	28071	26599	56223	75367
Ikbke	568	1242	5005	5217	21220	30898
Srgap2	1102	1310	2186	2665	1682	3129
Fam72a	36	85	408	414	255	217
Avpr1b	0	6	0	0	0	0
Ctse	1678	2650	8900	4214	3675	4436
Rab7b	70	26	50	10	2	60
Slc26a9	0	2	18	1	0	0
Pm20d1	0	0	18	54	0	0
Slc41a1	1798	3818	5421	5219	5321	9107
Rab29	1725	2770	4066	4810	2957	4366
Nucks1	4280	5884	12000	10819	4786	7363
Slc45a3	166	227	422	16	74	1455
Elk4	954	1818	776	1463	1349	2743
Mfsd4a	432	514	496	410	222	557
Cdk18	0	0	6521	7610	0	50
Mir135b	0	0	0	0	0	0
Lemd1	0	0	0	0	0	0
Klhdc8a	0	8	22	24	0	0
Nuak2	9219	16736	2234	2347	559	1459
Tmcc2	469	844	5102	2509	93	298
Dstyk	607	1318	2183	2790	551	1450
Rbbp5	3640	6192	7541	7606	4643	8559
Tmem81	426	406	260	273	170	262
Cntn2	0	6	0	0	3	0
Nfasc	0	15	0	0	0	4
Gm10538	0	0	0	0	0	0
Lrrn2	0	0	0	0	6	0
Mdm4	2148	3390	1392	2767	2655	4694
Pik3c2b	1190	2334	171	308	95	69
Ppp1r15b	5478	7432	6367	5846	3667	5019
Plekha6	0	32	128	154	0	142
Gm19461	0	0	0	0	0	0
Golt1a	0	0	0	0	2	0
Kiss1	0	0	0	0	0	0
Ren1	0	0	0	0	0	3
Etnk2	0	26	22	171	4	0
Sox13	0	31	2460	2569	26	0
Snrpe	6094	9797	13958	12855	10975	16019
Zc3h11a	8009	12540	12053	11847	9226	16132
Zbed6	30	80	78	202	72	60
Lax1	15214	26569	4077	4286	12461	14191
Atp2b4	34	60	3527	2982	336	612
Optc	0	0	2	10	2	0
Prelp	0	32	110	116	0	0
Fmod	0	0	0	0	0	0
Gm19497	39	147	24	8	319	439
Btg2	27177	40116	2856	2874	21095	27295
Gm8618	0	0	8	2	0	3
Chit1	0	0	54	0	0	0
Chil1	0	0	1327	78	0	83
Mybph	0	0	0	0	0	0
Adora1	0	2	0	0	2	0
Myog	0	0	0	16	0	0
Ppfia4	34	93	504	219	64	227
Tmem183a	3946	7469	7841	7910	5414	8616
4933406M09Rik	0	0	0	9	0	0
Cyb5r1	1309	2196	6277	5921	2374	3075
Adipor1	10865	13018	16461	15637	13213	17673
Klhl12	3585	4103	6621	6100	3297	4666
Rabif	4288	6967	10436	10826	5905	9199
Mgat4e	0	0	0	0	0	2
Kdm5b	3813	5877	9701	9398	6080	13348
Syt2	0	0	0	0	0	0
Ppp1r12b	7	294	175	274	130	290
Ube2t	361	539	3725	3836	1226	1440
Lgr6	0	2	12	8	24	6
Ptprv	72	265	509	584	811	1432
Gm10535	0	0	0	14	0	11
Ptpn7	5863	11324	31992	32112	34976	49392
Arl8a	6274	7555	7052	6395	4102	5256
Gpr37l1	0	6	0	0	0	0
Elf3	0	0	0	0	0	0
Rnpep	3255	5073	11766	11746	10000	14994
Timm17a	3232	6409	8519	9745	8736	12929
Lmod1	0	2	0	0	0	0
Shisa4	0	12	5	12	0	0
Ipo9	5108	8807	16841	16628	6765	14758
Nav1	440	134	1223	572	2	471
Csrp1	2622	4212	18449	20010	8302	13041
Phlda3	0	42	458	470	854	1266
Tnni1	0	0	6	22	22	14
Lad1	0	26	6	0	7723	12141
Tnnt2	0	0	0	0	24	15
Pkp1	0	4	0	0	0	0
Igfn1	0	6	2	0	0	0
Tmem9	869	1678	7772	8044	2792	3808
Cacna1s	122	217	7	2	304	271
Gm15850	2	2	3	0	0	9
Kif21b	2519	4731	679	521	3402	6196
Mroh3	0	4	0	0	0	0
Inava	0	0	60	30	0	0
Gm3878	0	0	0	2	0	0
Gpr25	0	0	2	0	46	60
Camsap2	772	1963	126	108	471	1046
9230116N13Rik	137	222	1148	792	151	285
Ddx59	793	2398	1577	2127	1845	2299
Kif14	0	4	329	693	23	53
4933409D19Rik	0	0	0	0	0	0
Zfp281	2214	3815	7656	6868	10888	15916
Gm19705	0	8	42	0	224	474
Platr22	0	0	0	0	4	4
Mif-ps1	10	10	40	45	16	16
Nr5a2	0	0	0	0	0	0
A130050O07Rik	0	6	20	6	0	0
Mir181a-1	0	0	0	0	0	0
Mir181b-1	0	0	0	0	0	0
Ptprc	76859	145446	28408	27035	146046	235645
Atp6v1g3	4	9	0	0	156	251
Nek7	8329	11087	8995	8892	14020	21527
Gm5833	0	0	187	236	0	0
Lhx9	0	0	0	0	0	0
2310009B15Rik	126	330	944	861	552	873
1700019P21Rik	0	0	0	0	0	0
Dennd1b	2593	4055	2294	3187	1779	3454
Crb1	0	4	26	2	0	0
4933436E23Rik	0	0	0	0	0	0
Zbtb41	769	1614	2122	2011	612	1330
Aspm	6	63	1338	3171	226	194
F13b	0	0	0	0	0	0
Cfhr1	0	2	0	2	0	0
Cfhr3	0	0	0	0	0	0
Gm4788	0	0	0	0	0	0
Cfhr2	0	2	0	4	0	0
Cfh	0	0	46	56	0	30
Kcnt2	0	0	0	0	0	0
4930590L20Rik	0	0	0	0	0	0
Gm4845	0	0	0	0	0	0
Cdc73	2313	4280	5735	5700	3826	5747
B3galt2	0	8	6	19	0	4
Glrx2	1291	2258	5334	5229	2498	4061
Ro60	40	460	2931	2916	397	856
Uchl5	3417	4765	16091	16177	7184	9150
Rgs2	3308	6686	6389	5307	2837	6073
Rgs13	164	266	0	0	0	0
Rgs1	4	280	15098	13948	19440	30007
Rgs21	0	0	0	0	0	0
Rgs18	1164	2459	47130	46221	54	100
Brinp3	0	4	0	0	0	0
Gm15583	0	2	0	2	0	0
Gm9931	0	0	0	0	0	0
Pla2g4a	2	230	19805	20433	52	439
Ptgs2os	0	0	0	0	0	0
Ptgs2	0	0	16	10	0	25
Rbm3-ps	31	38	69	71	64	66
Gm4322	0	2	0	0	0	0
Pdc	0	2	0	0	0	0
2310030A07Rik	0	0	0	0	0	0
Odr4	1492	3423	6640	5979	2211	3924
Tpr	11788	12968	19605	19976	19099	18356
Prg4	11	37	25	6	3057	3984
Hmcn1	0	14	14	153	0	0
C730036E19Rik	0	1	0	0	0	0
3110040M04Rik	0	0	0	0	0	0
Ivns1abp	16394	35330	52496	53164	15661	27218
Swt1	2958	4248	5457	4673	3628	6625
Trmt1l	5342	9771	8701	9825	7820	11206
Rnf2	9427	10971	16771	12592	12781	18492
Fam129a	12	60	2005	1805	6496	7881
Edem3	943	2551	2422	3247	1031	2406
1700025G04Rik	0	30	3851	2836	1876	2911
Tsen15	1028	1540	5153	5526	1501	2524
Colgalt2	0	0	4	0	0	0
Rgl1	1797	3879	3349	2671	200	1831
Apobec4	0	0	0	0	0	0
Arpc5	38012	64426	42540	42098	57608	86440
Ncf2	10579	14525	10751	10305	658	1183
Smg7	3592	8447	3953	6273	3098	7012
Nmnat2	0	4	0	0	32	53
Lamc2	0	0	0	0	82	274
Lamc1	1605	2017	1252	1796	1544	3676
E330020D12Rik	1010	2344	45	0	178	172
Shcbp1l	223	170	187	174	0	72
Dhx9	644	1873	1705	3634	842	1581
Npl	0	16	6978	8155	28	33
Rgs8	0	2	0	0	0	8
C230024C17Rik	0	0	4	0	87	162
Rgs16	0	11	13	24	3518	6511
Rnasel	358	565	3788	3263	1371	1224
Rgsl1	0	0	6	22	0	0
Teddm2	0	0	10	0	14	0
Teddm1b	0	2	0	0	0	0
Teddm1a	0	0	0	0	0	0
Glul	1960	1907	12106	12638	2543	4203
4930452N14Rik	0	2	0	0	0	0
Cacna1e	89	653	4	0	0	0
Ier5	19120	35289	3500	3183	16485	21843
Mr1	710	1252	3252	3449	2104	2882
Stx6	5361	6337	12416	13056	18535	23148
BC034090	0	8	183	254	42	87
Xpr1	753	1517	2389	1002	600	1326
Gm5532	0	0	198	182	11	30
Acbd6	2486	2854	7127	8134	3821	4824
Lhx4	0	4	0	0	0	0
Qsox1	719	768	6575	5348	2769	4389
Cep350	2157	3452	1708	2739	1330	2274
Tor1aip1	9134	14354	6272	7671	7236	10193
Tor1aip2	3547	4275	12444	11170	5209	7675
Fam163a	0	2	0	0	0	0
Tdrd5	0	0	12	0	0	28
Nphs2	0	0	14	0	0	0
Axdnd1	0	10	4	0	0	0
Soat1	4847	6839	3776	2898	4243	5845
Abl2	558	1209	575	774	242	541
Tor3a	9451	13437	10348	11412	5133	7751
Gm19918	0	0	0	0	0	0
Fam20b	2877	5091	4844	4648	2677	4730
Ralgps2	26881	48683	3902	3893	2992	3924
Angptl1	79	239	12	11	9	27
Tex35	0	0	0	2	6	24
Rasal2	20	66	447	641	4	46
2810025M15Rik	86	406	3744	3565	34	48
Cryzl2	351	468	5364	5872	406	718
Sec16b	200	830	983	1000	383	226
Brinp2	0	4	11	0	1	0
Astn1	0	4	0	4	0	0
Mir488	0	0	0	0	0	0
Pappa2	0	6	0	0	0	0
1600012P17Rik	0	0	0	0	0	0
Cop1	2386	4079	6054	6264	2822	3970
Scarna3a	0	0	0	0	0	12
Tnr	2	4	0	0	0	12
4930523C07Rik	14413	25362	2719	1691	12915	20947
4930562F07Rik	50	104	7	6	7	15
Tnn	4	16	2	0	0	4
Mrps14	4668	10032	14245	14657	11234	16372
Cacybp	7372	11394	27731	29102	15788	21942
Rabgap1l	5081	7930	9148	10157	16295	25193
Mir1927	0	0	0	0	0	0
Gpr52	0	2	10	0	56	47
Gm6177	0	0	0	0	4	0
Rc3h1	896	1987	1436	1343	1182	2096
Serpinc1	35	85	83	57	1182	1586
Zbtb37	612	747	312	306	577	824
Gas5	9123	16606	41611	38982	14983	21990
Snord47	49	127	343	303	47	83
Dars2	1688	2883	6432	6254	2748	3710
Cenpl	548	845	5144	4732	1792	2540
Klhl20	2249	2884	2547	2260	2031	2991
Ankrd45	1	0	0	0	0	0
Tex50	2	12	0	0	0	0
Prdx6	5699	10103	76114	81420	20372	27714
Tnfsf4	26	19	1012	1663	149	352
Tnfsf18	0	6	0	0	0	0
Fasl	0	144	6	0	1943	2354
Suco	1680	3580	3648	4061	2126	3736
4930558K02Rik	10	59	2	7	10	33
Pigc	1501	2835	4641	4930	2491	2806
Dnm3	0	19	10	62	34	23
2810442N19Rik	0	0	18	16	0	0
Dnm3os	0	0	2	0	0	0
Mir199a-2	0	0	0	0	0	0
Mir214	0	0	0	0	0	0
Eef1aknmt	1526	2686	7291	7952	2861	4035
Vamp4	1925	2867	2704	2459	3004	4045
Myoc	0	2	0	0	0	0
Myocos	0	0	0	0	0	0
Prrc2c	2880	5177	3374	7807	3865	4832
Fmo4	0	0	0	0	0	0
Fmo1	0	0	42	0	0	0
Fmo2	0	4	0	0	0	0
Fmo6	0	0	0	0	0	2
Fmo3	0	4	0	0	0	0
Mroh9	0	1	0	0	0	0
Prrx1	0	2	0	0	0	0
Gorab	884	1607	4744	3932	1304	2176
Mettl11b	0	0	0	0	0	0
Kifap3	83	362	3487	3795	405	1268
Scyl3	3733	6641	5589	5685	6314	8342
BC055324	331	537	2271	2256	927	1082
Mettl18	1181	2140	2854	3214	1860	2913
Sele	36	13	15	0	15	36
Sell	84538	133520	6410	3734	114103	168093
Selp	154	42	4446	5628	207	315
Gm16548	0	24	46	24	4	0
F5	0	17	214	510	4	8
Slc19a2	354	813	2342	2485	801	986
Ccdc181	630	1067	6040	6007	899	1412
Blzf1	832	1954	5392	4778	1744	3617
Nme7	541	992	2816	2432	1388	1940
Atp1b1	1354	1789	560	271	4386	6580
Dpt	0	25	7	11	101	151
Gm20743	0	0	0	0	0	0
Xcl1	20	68	4	0	705	641
1700029M03Rik	0	0	0	0	0	0
4930568G15Rik	0	0	0	0	0	0
Tbx19	0	0	91	157	0	0
Sft2d2	3385	7349	17390	16967	5095	9734
Tiprl	4742	7565	12237	11687	9772	13477
Gpr161	0	5	44	51	0	0
Dcaf6	158	502	1008	788	463	574
Mpc2	2479	4234	8756	8492	6217	8582
Adcy10	0	0	9	0	1	0
Mpzl1	0	254	7491	6985	99	1198
Gm19622	0	0	0	0	0	0
Rcsd1	29647	35795	16038	16603	27903	38269
Creg1	1823	3826	50296	48367	5442	13982
Cd247	34	148	680	299	45023	63686
Pou2f1	1519	4690	2200	2144	1098	1898
Dusp27	0	2	0	0	0	0
Gpa33	0	0	32	26	2	0
Mael	0	0	0	0	0	0
Ildr2	0	0	18	18	2	0
Gm15853	0	39	245	277	21	41
Tada1	3688	6056	12259	12114	7940	10516
Pogk	0	223	1584	2104	278	702
Gm4846	0	2	0	0	0	0
Gm4847	0	2	0	0	0	0
Fmo9	0	0	0	0	0	0
Gm16701	0	0	3	12	0	0
Fam78b	0	18	82	70	20	12
Uck2	639	611	6502	7151	5306	7246
Tmco1	3121	5004	16975	16140	5872	9301
Aldh9a1	5092	6657	16797	21054	10735	13896
Mgst3	414	818	2695	2017	477	618
Lrrc52	2	0	0	0	0	0
Rxrg	0	12	0	0	0	0
Lmx1a	0	0	0	1	0	0
Pbx1	242	75	6100	5703	6	0
Nuf2	296	114	5051	5201	1339	1582
Rgs5	0	0	0	0	0	0
Rgs4	0	0	0	0	0	0
Ccdc190	0	0	0	0	0	0
Hsd17b7	766	1177	1223	1497	694	846
3110045C21Rik	130	129	82	157	50	76
Ddr2	0	0	10	0	0	0
Uap1	4155	7038	13907	12790	4824	6795
Uhmk1	425	1758	514	1670	267	644
Sh2d1b2	0	0	0	0	0	0
Gm6345	0	6	12	22	12	2
Sh2d1b1	2	51	150	4	26	178
Gm7694	0	36	1346	1892	0	112
Spata46	0	9	0	5	0	0
Nos1ap	0	10	881	872	0	56
Olfml2b	0	2	116	10	0	0
Atf6	2289	7031	2608	3621	770	1556
Dusp12	901	1428	1813	2951	1592	2125
Fcrlb	0	38	1	0	0	5
Fcrla	26345	40391	248	44	18	20
Fcgr2b	9427	16376	703	292	64	186
Fcgr4	0	154	208	0	72	744
Fcgr3	214	541	3118	356	274	2566
Cfap126	0	76	105	108	73	229
Sdhc	5733	9178	16950	17043	11190	15700
Mpz	0	2	20	24	0	0
Pcp4l1	12	0	6597	7671	0	0
Nr1i3	0	2	26	37	5	0
Tomm40l	1306	2386	4741	5461	3553	3852
Apoa2	11	0	26	51	15	5
Fcer1g	630	1375	8548	4308	418	4969
Ndufs2	8068	15573	23503	22282	18643	25679
Adamts4	0	3	26	0	0	0
B4galt3	2893	5485	4403	3472	2514	2740
Ppox	2224	4152	5675	5450	3986	4533
Usp21	4813	6235	10189	12252	5817	7684
Ufc1	1067	1877	3366	3797	2065	2911
Gm20045	12	42	12	18	7	39
Dedd	2454	4392	5258	4893	4670	6085
Nit1	1021	1895	2413	2471	2486	3487
Pfdn2	2640	3698	4863	4909	4503	5890
Klhdc9	428	447	1456	1399	420	755
Nectin4	0	53	1111	1326	22	155
Arhgap30	17987	36954	12298	11359	19688	34861
Usf1	3644	7723	4661	4888	4779	6302
Tstd1	12	153	64	41	52	135
F11r	0	96	13496	15233	84	378
Alyref2	515	1137	946	885	416	656
Itln1	0	49	0	0	0	0
Cd244a	10	313	404	338	32	514
Ly9	12836	22037	2940	1457	19458	28960
Slamf7	4843	5957	148	0	1792	2002
Cd48	18781	32439	2098	995	48110	62201
Tma7-ps	24	36	33	22	26	22
Slamf1	5063	8966	6766	5989	10378	14807
Cd84	6549	10890	10836	9769	9733	14938
Gm10521	6	14	14	34	0	6
Slamf6	6174	9973	142	16	14314	20089
Vangl2	202	94	729	828	186	205
Nhlh1	0	4	0	0	0	0
Ncstn	10760	17171	15654	17020	15482	24703
Copa	24213	33378	25589	30964	23965	46023
Gm20101	0	0	0	0	0	0
Pex19	4196	7651	12238	12803	7327	9759
Dcaf8	10541	18929	30342	31021	17013	27420
Pea15a	1258	3048	5157	5659	8348	14116
Casq1	0	6	14	0	0	0
Atp1a4	0	0	0	0	0	0
Atp1a2	0	0	0	2	32	36
Igsf8	840	1740	5303	5857	3334	5516
Kcnj9	0	0	23	0	0	119
Kcnj10	2	21	120	13	18	51
Pigm	718	2450	2767	2826	1590	2226
Slamf9	644	549	101	36	20	148
Igsf9	220	826	367	400	76	120
Tagln2	8233	10317	41191	44017	15552	17877
Cfap45	0	42	77	85	13	4
4933439K11Rik	34	103	49	87	19	29
Vsig8	0	4	0	8	2	0
Slamf8	0	52	394	476	34	331
Fcrl6	0	0	0	0	0	0
Dusp23	261	348	2592	2581	532	513
Crp	0	0	10	0	8	0
Apcs	0	0	0	0	0	0
Olfr16	0	0	0	0	0	0
Olfr1408	0	0	0	0	0	0
Olfr1406	0	0	0	0	0	0
Olfr218	0	0	0	0	0	0
Olfr1404	0	0	0	0	0	0
Fcer1a	0	8	185	72	56	0
Olfr418	0	0	0	0	0	0
Mptx2	0	0	0	0	0	0
Ackr1	0	14	188	194	0	0
Cadm3	0	0	0	20	0	2
Aim2	1852	2170	1592	1131	1334	2023
Ifi214	1615	3067	0	0	1646	3297
Ifi213	1575	2719	213	122	1349	2736
Ifi209	25350	38576	717	14	20486	32109
Ifi208	6925	10910	34	20	11822	17379
Ifi207	0	112	423	18	32	323
Ifi204	0	28	361	87	86	453
Ifi203-ps	1	4	122	158	5	4
Gm7897	0	0	6	0	0	0
Mndal	10080	16766	10180	8315	12979	19172
Ifi211	12	26	110	0	39	113
Ifi203	8135	13217	9239	9553	7485	14373
Ifi202b	0	3	0	0	0	0
Ifi205	0	18	4	0	9	64
Olfr433	101	149	10	0	0	38
Olfr432	0	0	2	0	0	0
Olfr430	0	0	0	0	0	0
Olfr429	0	0	0	0	0	0
Olfr427	0	0	0	0	0	0
Olfr231	0	0	0	0	0	0
Olfr424	0	0	0	0	0	0
Olfr421-ps1	0	0	0	0	0	0
Olfr420	0	0	0	0	0	0
Spta1	46	123	166	208	1	0
Olfr419	0	0	0	0	0	0
Mptx1	0	4	0	0	0	0
Olfr417	0	0	0	4	0	0
Olfr248	0	0	58	46	0	0
Olfr414	0	0	110	55	0	0
Olfr220	0	0	0	0	0	0
Fmn2	0	2	40	193	0	0
Grem2	0	0	0	0	0	0
Rgs7	0	8	0	0	0	2
Fh1	8806	14747	12967	13789	7514	9928
Kmo	14449	23184	250	15	76	331
Opn3	183	693	370	322	130	174
Chml	8	197	269	719	20	46
Wdr64	0	2	0	0	0	0
Exo1	438	303	4045	3751	850	931
Pld5	0	9	2	0	0	14
Cep170	1390	3303	1943	3112	881	1516
Mir350	0	0	0	0	0	0
Sdccag8	1580	3070	4445	4157	2604	3434
Hmga2-ps1	108	86	602	352	16	60
Akt3	693	1561	1103	833	395	740
Zbtb18	2687	3484	1661	1367	410	559
2310043L19Rik	0	0	0	0	0	0
1700016C15Rik	0	0	0	0	2	32
Adss	3894	7048	20023	18616	14486	21538
Catspere1	0	2	0	0	0	0
Catspere2	0	8	17	8	2	4
Desi2	1606	2365	6330	5953	4126	5573
Gm9982	0	8	14	30	12	53
4930527J03Rik	0	0	0	0	0	0
B230369F24Rik	0	23	145	149	4	23
Cox20	2483	4224	5846	5995	5482	8607
Hnrnpu	53632	81811	122880	122145	83242	122623
Efcab2	504	1103	985	1357	462	534
Kif26b	0	0	2	0	0	0
Smyd3	1918	3216	9727	11953	4155	5401
Tfb2m	723	1579	2711	2765	1334	1465
Cnst	1575	2368	2783	2650	3505	5964
Sccpdh	648	630	4216	4198	1516	2442
Ahctf1	1592	4302	4000	6322	1353	3051
Cdc42bpa	0	7	1600	2351	56	20
Coq8a	8997	18709	26970	27787	4732	7888
Psen2	6372	8310	4888	5897	14111	18470
Gm5069	0	54	212	242	30	17
Itpkb	1310	2417	780	1058	1947	4705
Stum	20	4	0	0	0	0
Parp1	35074	48353	31133	37522	12724	19001
Lin9	1711	1587	3693	2852	2113	2571
Mixl1	0	0	0	0	0	0
Acbd3	4054	7533	5875	5162	3953	7097
Gm17275	1	6	2	2	0	2
H3f3a	32811	41501	25747	23123	15404	19835
Sde2	4669	8227	10584	8867	7062	10972
Lefty2	0	0	0	0	0	0
Pycr2	3309	3921	7833	8731	6059	6975
Lefty1	36	98	747	971	38	38
Tmem63a	2829	4072	6529	7424	5799	8999
Ephx1	14581	21262	1682	1553	39143	60495
9130409I23Rik	0	0	0	0	0	0
Nvl	1596	4459	6426	6885	3030	5064
Cnih4	1647	3051	5999	5549	3900	6714
Wdr26	4766	7803	5510	5405	7041	9467
A430110L20Rik	0	10	2	6	11	42
Cnih3	0	2	2	0	0	0
Ccdc121	0	2	0	0	0	0
Dnah14	4	1	26	36	0	7
Lbr	30944	46562	44029	41063	41379	61460
Gm5533	142	259	196	162	84	122
Enah	0	2	24	47	6	22
Srp9	4600	7252	12914	13471	10558	15519
Vmn1r1	0	0	0	0	2	3
Degs1	7243	12103	11671	10998	13364	17082
1700047M11Rik	0	2	13	2	0	0
Fbxo28	2136	3362	4540	3927	4851	6947
Trp53bp2	1381	2397	3353	2943	2324	4053
Capn2	1831	3407	7664	8254	18422	27084
Capn8	0	1	0	0	0	0
Ccdc185	0	0	0	0	0	0
Susd4	0	0	58	146	314	428
Tlr5	2	2	16	0	16	135
Disp1	484	736	1758	2281	1842	2891
Brox	4255	6948	7100	6469	3702	6348
Aida	3237	6146	3258	2820	2706	5115
Mia3	7621	9653	4210	3487	6194	10121
Taf1a	884	2937	2323	2798	1907	2991
Hhipl2	62	0	0	0	0	0
1700056E22Rik	116	64	170	118	85	177
Dusp10	616	1421	765	418	3827	4240
1700112H15Rik	0	0	0	0	0	0
4930488B22Rik	0	0	0	0	0	0
Hlx	353	186	758	763	18	70
1-Mar	0	5	6	0	0	18
2-Mar	9619	16034	19647	20931	15840	21065
Mir1981	4	0	0	0	0	1
C130074G19Rik	0	6	0	0	0	0
Mark1	0	1	30	10	0	0
Rab3gap2	5968	5980	8594	11115	3659	7334
Snora36b	0	0	0	0	2	0
Iars2	3791	7092	9730	12547	6584	9217
Mir194-1	0	0	13	6	4	1
Mir215	0	1	10	7	3	0
Bpnt1	1636	3042	1479	1654	1472	2036
Eprs	9865	17057	32016	35067	12930	23678
9630028B13Rik	0	4	2	0	2	0
Gm2061	0	2	0	0	0	0
Slc30a10	0	2	0	0	0	0
5033404E19Rik	0	0	0	0	0	0
Lyplal1	20	0	1130	1154	26	8
Tgfb2	0	23	6	15	14	0
Rrp15	2486	4002	8557	9164	4576	6155
D1Pas1	0	2	4	0	0	0
Spata17	0	2	38	39	0	1
1700007P06Rik	0	0	0	0	0	0
Gpatch2	897	1663	2589	2831	1110	1872
Gm37254	110	115	69	212	37	74
Esrrg	2	0	48	87	2	0
9330162B11Rik	0	2	0	0	0	0
Ush2a	0	14	0	3	0	0
Kctd3	2531	3299	3361	3106	1334	1800
Kcnk2	0	2	0	0	0	0
Pdcd5-ps	48	96	110	134	67	148
Cenpf	44	78	3182	4039	535	571
Ptpn14	106	317	466	701	19	60
Smyd2	351	275	18102	21805	3388	4468
Prox1	2	4	0	2	14	34
Prox1os	0	0	0	0	2	0
Rps6kc1	290	781	2308	2731	1068	2392
Angel2	7881	13490	16466	16990	10515	14898
Vash2	0	32	344	150	8	8
Flvcr1	816	1333	2313	2555	1757	2634
A230020J21Rik	0	12	8	8	5	33
Spata45	0	5	3	1	0	2
Tatdn3	333	393	1383	1423	611	999
Nsl1	166	263	4270	3929	680	802
Batf3	0	38	27	2	12	49
Fam71a	0	0	0	0	0	0
Atf3	14	71	94	29	26	198
D730003I15Rik	240	339	597	612	221	226
Nenf	94	227	640	587	256	337
Tmem206	3881	7277	6690	5729	3454	4583
Ppp2r5a	9602	13902	12607	12576	18963	28784
Gm20201	0	2	42	0	2	34
Dtl	445	656	16093	14480	1326	2665
Ints7	5575	7850	10375	11114	4034	6968
Lpgat1	5506	10025	2762	3570	1350	1716
Nek2	12	248	4139	3217	1024	1258
1700034H15Rik	0	2	0	0	4	4
Slc30a1	328	1082	483	522	941	1508
Rd3	0	15	32	79	210	437
Traf5	11490	16333	1197	1478	9920	11699
Mir3473c	0	11	4	0	3	4
Gstp-ps	190	275	208	208	240	360
Rcor3	191	511	3344	3107	1235	1262
Gm10516	0	0	253	36	16	0
Kcnh1	0	0	0	0	0	0
Hhat	471	463	1748	1359	566	944
A730013G03Rik	0	7	0	0	0	0
1700065J18Rik	0	16	0	0	0	0
Sertad4	0	0	38	0	14	0
Gm15867	0	0	0	0	0	0
Syt14	0	0	44	5	5	0
Utp25	440	640	845	1136	636	1094
Irf6	0	70	5108	5331	2826	4551
A130010J15Rik	347	1068	1720	1927	728	1095
Traf3ip3	16193	26793	15811	17853	38090	49148
Hsd11b1	1755	2916	756	14	15326	19742
G0s2	0	0	0	0	0	0
Lamb3	305	616	20	4	185	867
Camk1g	0	0	42	0	0	16
Mir205	0	0	0	0	0	0
4930503O07Rik	0	0	0	0	0	0
Plxna2	0	6	214	270	2	0
Mir3962	0	0	0	0	0	0
Cd34	137	0	47251	44474	4	14
Gm16897	0	2	278	163	2	12
A330023F24Rik	7	28	48	12	5	24
Mir29b-2	0	0	0	0	0	0
Mir29c	0	0	0	0	0	0
Cd46	27	109	118	136	34	150
Cr1l	6590	11545	14338	14217	11196	16761
Cr2	39427	87703	140	252	10	18